ts,job_id,state,duration_ms,running_count,cp_completed,cp_failed,cp_inprogress,cp_last_dur_ms,cp_last_size,cp_total_count,num_cp_history
1777362390.9863958,2d966bebd813d4fc453e7505ba297640,RUNNING,137,0,0,0,0,0,0,0,0
1777362393.0475178,2d966bebd813d4fc453e7505ba297640,RUNNING,2188,0,0,0,0,0,0,0,0
1777362395.0726902,2d966bebd813d4fc453e7505ba297640,RUNNING,4212,0,0,0,1,0,0,1,1
1777362397.0947466,2d966bebd813d4fc453e7505ba297640,RUNNING,6226,0,0,0,1,0,0,1,1
1777362399.1034799,2d966bebd813d4fc453e7505ba297640,RUNNING,8234,0,0,0,1,0,0,1,1
1777362401.1134694,2d966bebd813d4fc453e7505ba297640,RUNNING,10244,0,0,0,1,0,0,1,1
1777362403.121921,2d966bebd813d4fc453e7505ba297640,RUNNING,12253,0,0,0,1,0,0,1,1
1777362405.1321006,2d966bebd813d4fc453e7505ba297640,RUNNING,14262,0,0,0,1,0,0,1,1
1777362407.1415167,2d966bebd813d4fc453e7505ba297640,RUNNING,16272,0,0,0,1,0,0,1,1
1777362409.1513174,2d966bebd813d4fc453e7505ba297640,RUNNING,18281,0,0,0,1,0,0,1,1
1777362411.1591716,2d966bebd813d4fc453e7505ba297640,RUNNING,20290,0,0,0,1,0,0,1,1
1777362413.1691968,2d966bebd813d4fc453e7505ba297640,RUNNING,22299,0,0,0,1,0,0,1,1
1777362415.1773868,2d966bebd813d4fc453e7505ba297640,RUNNING,24308,0,0,0,1,0,0,1,1
1777362417.187155,2d966bebd813d4fc453e7505ba297640,RUNNING,26317,0,0,0,1,0,0,1,1
1777362419.1953256,2d966bebd813d4fc453e7505ba297640,RUNNING,28325,0,0,0,1,0,0,1,1
1777362421.2065172,2d966bebd813d4fc453e7505ba297640,RUNNING,30337,0,0,0,1,0,0,1,1
1777362423.2164342,2d966bebd813d4fc453e7505ba297640,RUNNING,32347,0,1,0,0,29332,0,1,1
1777362425.2249756,2d966bebd813d4fc453e7505ba297640,RUNNING,34355,0,1,0,0,29332,0,1,1
1777362427.2334812,2d966bebd813d4fc453e7505ba297640,RUNNING,36364,0,1,0,1,29332,0,2,2
1777362429.241693,2d966bebd813d4fc453e7505ba297640,RUNNING,38372,0,1,0,1,29332,0,2,2
1777362431.2507114,2d966bebd813d4fc453e7505ba297640,RUNNING,40381,0,2,0,0,6106,0,2,2
1777362433.2600477,2d966bebd813d4fc453e7505ba297640,RUNNING,42389,0,2,0,0,6106,0,2,2
1777362435.2678285,2d966bebd813d4fc453e7505ba297640,RUNNING,44398,0,2,0,1,6106,0,3,3
1777362437.2767634,2d966bebd813d4fc453e7505ba297640,RUNNING,46406,0,2,0,1,6106,0,3,3
1777362439.2848945,2d966bebd813d4fc453e7505ba297640,RUNNING,48415,0,2,0,1,6106,0,3,3
1777362441.2927234,2d966bebd813d4fc453e7505ba297640,RUNNING,50422,0,2,0,1,6106,0,3,3
1777362443.2998424,2d966bebd813d4fc453e7505ba297640,RUNNING,52430,0,2,0,1,6106,0,3,3
1777362445.3079057,2d966bebd813d4fc453e7505ba297640,RUNNING,54437,0,2,0,1,6106,0,3,3
1777362447.3155725,2d966bebd813d4fc453e7505ba297640,RUNNING,56446,0,2,0,1,6106,0,3,3
1777362449.32457,2d966bebd813d4fc453e7505ba297640,RUNNING,58454,0,2,0,1,6106,0,3,3
1777362451.3307712,2d966bebd813d4fc453e7505ba297640,RUNNING,60461,0,2,0,1,6106,0,3,3
1777362453.340208,2d966bebd813d4fc453e7505ba297640,RUNNING,62470,0,2,0,1,6106,0,3,3
1777362455.3478265,2d966bebd813d4fc453e7505ba297640,RUNNING,64478,0,2,0,1,6106,0,3,3
1777362457.355598,2d966bebd813d4fc453e7505ba297640,RUNNING,66485,0,2,0,1,6106,0,3,3
1777362459.3631887,2d966bebd813d4fc453e7505ba297640,RUNNING,68493,0,2,0,1,6106,0,3,3
1777362461.3716753,2d966bebd813d4fc453e7505ba297640,RUNNING,70501,0,2,0,1,6106,0,3,3
1777362463.3799505,2d966bebd813d4fc453e7505ba297640,RUNNING,72510,0,2,0,1,6106,0,3,3
1777362465.3883533,2d966bebd813d4fc453e7505ba297640,RUNNING,74518,0,2,0,1,6106,0,3,3
1777362467.3961155,2d966bebd813d4fc453e7505ba297640,RUNNING,76526,0,2,0,1,6106,0,3,3
1777362469.4037242,2d966bebd813d4fc453e7505ba297640,RUNNING,78533,0,2,0,1,6106,0,3,3
1777362471.411698,2d966bebd813d4fc453e7505ba297640,RUNNING,80542,0,2,0,1,6106,0,3,3
1777362473.4196367,2d966bebd813d4fc453e7505ba297640,RUNNING,82549,0,2,0,1,6106,0,3,3
1777362475.4267976,2d966bebd813d4fc453e7505ba297640,RUNNING,84556,0,2,0,1,6106,0,3,3
1777362477.4349658,2d966bebd813d4fc453e7505ba297640,RUNNING,86564,0,2,0,1,6106,0,3,3
1777362479.442551,2d966bebd813d4fc453e7505ba297640,RUNNING,88572,0,2,0,1,6106,0,3,3
1777362481.450033,2d966bebd813d4fc453e7505ba297640,RUNNING,90579,0,2,0,1,6106,0,3,3
1777362483.4578333,2d966bebd813d4fc453e7505ba297640,RUNNING,92588,0,2,0,1,6106,0,3,3
1777362485.466528,2d966bebd813d4fc453e7505ba297640,RUNNING,94596,0,2,0,1,6106,0,3,3
1777362487.4743927,2d966bebd813d4fc453e7505ba297640,RUNNING,96604,0,2,0,1,6106,0,3,3
1777362489.482308,2d966bebd813d4fc453e7505ba297640,RUNNING,98611,0,2,0,1,6106,0,3,3
1777362491.4878228,2d966bebd813d4fc453e7505ba297640,RUNNING,100617,0,2,0,1,6106,0,3,3
1777362493.495994,2d966bebd813d4fc453e7505ba297640,RUNNING,102626,0,2,0,1,6106,0,3,3
1777362495.503034,2d966bebd813d4fc453e7505ba297640,RESTARTING,104634,0,2,2,0,6106,0,4,3
1777362497.5127096,2d966bebd813d4fc453e7505ba297640,RESTARTING,106642,0,2,2,0,6106,0,4,3
1777362499.519737,2d966bebd813d4fc453e7505ba297640,RESTARTING,108649,0,2,2,0,6106,0,4,3
1777362501.5269487,2d966bebd813d4fc453e7505ba297640,RESTARTING,110656,0,2,2,0,6106,0,4,3
1777362503.5334158,2d966bebd813d4fc453e7505ba297640,RESTARTING,112663,0,2,2,0,6106,0,4,3
1777362505.5412004,2d966bebd813d4fc453e7505ba297640,RESTARTING,114670,0,2,2,0,6106,0,4,3
1777362507.547828,2d966bebd813d4fc453e7505ba297640,RESTARTING,116677,0,2,2,0,6106,0,4,3
1777362509.5553095,2d966bebd813d4fc453e7505ba297640,RESTARTING,118684,0,2,2,0,6106,0,4,3
1777362511.5622687,2d966bebd813d4fc453e7505ba297640,RESTARTING,120692,0,2,2,0,6106,0,4,3
1777362513.5702755,2d966bebd813d4fc453e7505ba297640,RESTARTING,122700,0,2,2,0,6106,0,4,3
1777362515.5778382,2d966bebd813d4fc453e7505ba297640,RESTARTING,124708,0,2,2,0,6106,0,4,3
1777362517.5846367,2d966bebd813d4fc453e7505ba297640,RESTARTING,126714,0,2,2,0,6106,0,4,3
1777362519.5908844,2d966bebd813d4fc453e7505ba297640,RESTARTING,128720,0,2,2,0,6106,0,4,3
1777362521.5973651,2d966bebd813d4fc453e7505ba297640,RESTARTING,130726,0,2,2,0,6106,0,4,3
1777362523.6050453,2d966bebd813d4fc453e7505ba297640,RESTARTING,132735,0,2,2,0,6106,0,4,3
1777362525.611918,2d966bebd813d4fc453e7505ba297640,RESTARTING,134741,0,2,2,0,6106,0,4,3
1777362527.6196463,2d966bebd813d4fc453e7505ba297640,RESTARTING,136749,0,2,2,0,6106,0,4,3
1777362529.6275961,2d966bebd813d4fc453e7505ba297640,RESTARTING,138756,0,2,2,0,6106,0,4,3
1777362531.6338518,2d966bebd813d4fc453e7505ba297640,RESTARTING,140763,0,2,2,0,6106,0,4,3
1777362533.6406264,2d966bebd813d4fc453e7505ba297640,RESTARTING,142770,0,2,2,0,6106,0,4,3
1777362535.646743,2d966bebd813d4fc453e7505ba297640,RESTARTING,144776,0,2,2,0,6106,0,4,3
1777362537.6541214,2d966bebd813d4fc453e7505ba297640,RESTARTING,146783,0,2,2,0,6106,0,4,3
1777362539.6600077,2d966bebd813d4fc453e7505ba297640,RESTARTING,148789,0,2,2,0,6106,0,4,3
1777362541.6674984,2d966bebd813d4fc453e7505ba297640,RESTARTING,150796,0,2,2,0,6106,0,4,3
1777362543.6749697,2d966bebd813d4fc453e7505ba297640,RUNNING,152805,1,2,2,0,6106,0,4,3
1777362545.6829066,2d966bebd813d4fc453e7505ba297640,RUNNING,154812,1,2,2,0,6106,0,4,3
1777362547.6909444,2d966bebd813d4fc453e7505ba297640,RUNNING,156821,1,2,2,1,6106,0,5,4
1777362549.6978238,2d966bebd813d4fc453e7505ba297640,RUNNING,158827,1,2,2,1,6106,0,5,4
1777362551.7052875,2d966bebd813d4fc453e7505ba297640,RUNNING,160835,1,3,2,0,1791,0,5,4
1777362553.7134628,2d966bebd813d4fc453e7505ba297640,RUNNING,162842,1,3,2,0,1791,0,5,4
1777362555.720969,2d966bebd813d4fc453e7505ba297640,RUNNING,164851,1,3,2,0,1791,0,5,4
1777362557.7293813,2d966bebd813d4fc453e7505ba297640,RUNNING,166858,1,3,2,0,1791,0,5,4
1777362559.7365465,2d966bebd813d4fc453e7505ba297640,RUNNING,168866,1,3,2,1,1791,0,6,5
1777362561.74417,2d966bebd813d4fc453e7505ba297640,RUNNING,170873,1,3,2,1,1791,0,6,5
1777362563.7510674,2d966bebd813d4fc453e7505ba297640,RUNNING,172881,1,3,2,1,1791,0,6,5
1777362565.759089,2d966bebd813d4fc453e7505ba297640,RUNNING,174888,1,3,2,1,1791,0,6,5
1777362567.7650833,2d966bebd813d4fc453e7505ba297640,RUNNING,176894,1,3,2,1,1791,0,6,5
1777362569.7726731,2d966bebd813d4fc453e7505ba297640,RUNNING,178902,1,3,2,1,1791,0,6,5
1777362571.7781672,2d966bebd813d4fc453e7505ba297640,RUNNING,180907,1,3,2,1,1791,0,6,5
1777362573.7851512,2d966bebd813d4fc453e7505ba297640,RUNNING,182914,1,3,2,1,1791,0,6,5
1777362575.7925842,2d966bebd813d4fc453e7505ba297640,RUNNING,184922,1,3,2,1,1791,0,6,5
1777362577.8003805,2d966bebd813d4fc453e7505ba297640,RUNNING,186929,1,3,2,1,1791,0,6,5
1777362579.807391,2d966bebd813d4fc453e7505ba297640,RUNNING,188937,1,3,2,1,1791,0,6,5
1777362581.8145974,2d966bebd813d4fc453e7505ba297640,RUNNING,190943,1,3,2,1,1791,0,6,5
1777362583.8218951,2d966bebd813d4fc453e7505ba297640,RUNNING,192951,1,3,2,1,1791,0,6,5
1777362585.8295028,2d966bebd813d4fc453e7505ba297640,RUNNING,194958,1,3,2,1,1791,0,6,5
1777362587.8350403,2d966bebd813d4fc453e7505ba297640,RUNNING,196964,1,3,2,1,1791,0,6,5
1777362589.8423777,2d966bebd813d4fc453e7505ba297640,RUNNING,198971,1,3,2,1,1791,0,6,5
1777362591.8493474,2d966bebd813d4fc453e7505ba297640,RUNNING,200979,1,3,2,1,1791,0,6,5
1777362593.8575554,2d966bebd813d4fc453e7505ba297640,RUNNING,202986,1,3,2,1,1791,0,6,5
1777362595.864613,2d966bebd813d4fc453e7505ba297640,RUNNING,204994,1,4,2,1,36398,0,7,6
1777362597.8725343,2d966bebd813d4fc453e7505ba297640,RUNNING,207001,1,4,2,1,36398,0,7,6
1777362599.877821,2d966bebd813d4fc453e7505ba297640,RUNNING,209007,1,4,2,1,36398,0,7,6
1777362601.8849187,2d966bebd813d4fc453e7505ba297640,RUNNING,211014,1,4,2,1,36398,0,7,6
1777362603.8915243,2d966bebd813d4fc453e7505ba297640,RUNNING,213021,1,4,2,1,36398,0,7,6
1777362605.8994908,2d966bebd813d4fc453e7505ba297640,RUNNING,215028,1,4,2,1,36398,0,7,6
1777362607.9054596,2d966bebd813d4fc453e7505ba297640,RUNNING,217035,1,4,2,1,36398,0,7,6
1777362609.9128847,2d966bebd813d4fc453e7505ba297640,RUNNING,219042,1,4,2,1,36398,0,7,6
1777362611.920253,2d966bebd813d4fc453e7505ba297640,RUNNING,221050,1,4,2,1,36398,0,7,6
1777362613.9293215,2d966bebd813d4fc453e7505ba297640,RUNNING,223058,1,4,2,1,36398,0,7,6
1777362615.936541,2d966bebd813d4fc453e7505ba297640,RUNNING,225066,1,4,2,1,36398,0,7,6
1777362617.9429207,2d966bebd813d4fc453e7505ba297640,RUNNING,227071,1,4,2,1,36398,0,7,6
1777362619.9498765,2d966bebd813d4fc453e7505ba297640,RUNNING,229079,1,4,2,1,36398,0,7,6
1777362621.9578316,2d966bebd813d4fc453e7505ba297640,RUNNING,231087,1,4,2,1,36398,0,7,6
1777362623.9641244,2d966bebd813d4fc453e7505ba297640,RUNNING,233094,1,4,2,1,36398,0,7,6
1777362625.9721243,2d966bebd813d4fc453e7505ba297640,RUNNING,235101,1,4,2,1,36398,0,7,6
1777362627.9778278,2d966bebd813d4fc453e7505ba297640,RUNNING,237107,1,4,2,1,36398,0,7,6
1777362629.985405,2d966bebd813d4fc453e7505ba297640,RUNNING,239114,1,4,2,1,36398,0,7,6
1777362631.9924514,2d966bebd813d4fc453e7505ba297640,RUNNING,241122,1,4,2,1,36398,0,7,6
1777362634.000162,2d966bebd813d4fc453e7505ba297640,RUNNING,243129,1,4,2,1,36398,0,7,6
1777362636.006762,2d966bebd813d4fc453e7505ba297640,RUNNING,245136,1,4,2,1,36398,0,7,6
1777362638.0144398,2d966bebd813d4fc453e7505ba297640,RUNNING,247143,1,4,2,1,36398,0,7,6
1777362640.0217416,2d966bebd813d4fc453e7505ba297640,RUNNING,249151,1,4,2,1,36398,0,7,6
1777362642.0289001,2d966bebd813d4fc453e7505ba297640,RUNNING,251158,1,4,2,1,36398,0,7,6
1777362644.0366118,2d966bebd813d4fc453e7505ba297640,RUNNING,253167,1,4,2,1,36398,0,7,6
1777362646.045536,2d966bebd813d4fc453e7505ba297640,RUNNING,255174,1,4,2,1,36398,0,7,6
1777362648.0506933,2d966bebd813d4fc453e7505ba297640,RUNNING,257180,1,4,2,1,36398,0,7,6
1777362650.0571468,2d966bebd813d4fc453e7505ba297640,RUNNING,259186,1,4,2,1,36398,0,7,6
1777362652.0641987,2d966bebd813d4fc453e7505ba297640,RUNNING,261193,1,4,2,1,36398,0,7,6
1777362654.0718486,2d966bebd813d4fc453e7505ba297640,RUNNING,263200,1,4,2,1,36398,0,7,6
1777362656.0783193,2d966bebd813d4fc453e7505ba297640,RESTARTING,265207,1,4,4,0,36398,0,8,6
1777362658.085198,2d966bebd813d4fc453e7505ba297640,RESTARTING,267214,1,4,4,0,36398,0,8,6
1777362660.091625,2d966bebd813d4fc453e7505ba297640,RESTARTING,269221,1,4,4,0,36398,0,8,6
1777362662.0998478,2d966bebd813d4fc453e7505ba297640,RESTARTING,271229,1,4,4,0,36398,0,8,6
1777362664.105658,2d966bebd813d4fc453e7505ba297640,RESTARTING,273235,1,4,4,0,36398,0,8,6
1777362666.1124032,2d966bebd813d4fc453e7505ba297640,RESTARTING,275241,1,4,4,0,36398,0,8,6
1777362668.1182437,2d966bebd813d4fc453e7505ba297640,RESTARTING,277247,1,4,4,0,36398,0,8,6
1777362670.1254911,2d966bebd813d4fc453e7505ba297640,RESTARTING,279255,1,4,4,0,36398,0,8,6
1777362672.1327696,2d966bebd813d4fc453e7505ba297640,RESTARTING,281262,1,4,4,0,36398,0,8,6
1777362674.1408458,2d966bebd813d4fc453e7505ba297640,RESTARTING,283270,1,4,4,0,36398,0,8,6
1777362676.1478276,2d966bebd813d4fc453e7505ba297640,RESTARTING,285278,1,4,4,0,36398,0,8,6
1777362678.1558588,2d966bebd813d4fc453e7505ba297640,RESTARTING,287285,1,4,4,0,36398,0,8,6
1777362680.1624794,2d966bebd813d4fc453e7505ba297640,RESTARTING,289292,1,4,4,0,36398,0,8,6
1777362682.170433,2d966bebd813d4fc453e7505ba297640,RESTARTING,291299,1,4,4,0,36398,0,8,6
1777362684.1758773,2d966bebd813d4fc453e7505ba297640,RESTARTING,293305,1,4,4,0,36398,0,8,6
1777362686.1828585,2d966bebd813d4fc453e7505ba297640,RESTARTING,295312,1,4,4,0,36398,0,8,6
1777362688.1895607,2d966bebd813d4fc453e7505ba297640,RESTARTING,297319,1,4,4,0,36398,0,8,6
1777362690.1960435,2d966bebd813d4fc453e7505ba297640,RESTARTING,299325,1,4,4,0,36398,0,8,6
1777362692.2014194,2d966bebd813d4fc453e7505ba297640,RESTARTING,301330,1,4,4,0,36398,0,8,6
1777362694.2080128,2d966bebd813d4fc453e7505ba297640,RESTARTING,303337,1,4,4,0,36398,0,8,6
1777362696.2141345,2d966bebd813d4fc453e7505ba297640,RESTARTING,305343,1,4,4,0,36398,0,8,6
1777362698.2213423,2d966bebd813d4fc453e7505ba297640,RESTARTING,307350,1,4,4,0,36398,0,8,6
1777362700.2278264,2d966bebd813d4fc453e7505ba297640,RESTARTING,309357,1,4,4,0,36398,0,8,6
1777362702.2357776,2d966bebd813d4fc453e7505ba297640,RESTARTING,311364,1,4,4,0,36398,0,8,6
1777362704.242121,2d966bebd813d4fc453e7505ba297640,RESTARTING,313371,1,4,4,0,36398,0,8,6
1777362706.2491465,2d966bebd813d4fc453e7505ba297640,RESTARTING,315378,1,4,4,0,36398,0,8,6
1777362708.2560067,2d966bebd813d4fc453e7505ba297640,RESTARTING,317386,1,4,4,0,36398,0,8,6
1777362710.2636244,2d966bebd813d4fc453e7505ba297640,RESTARTING,319392,1,4,4,0,36398,0,8,6
1777362712.2708902,2d966bebd813d4fc453e7505ba297640,RUNNING,321400,2,4,4,0,36398,0,8,6
1777362714.2784553,2d966bebd813d4fc453e7505ba297640,RUNNING,323407,2,4,4,0,36398,0,8,6
1777362716.2841437,2d966bebd813d4fc453e7505ba297640,RUNNING,325413,2,4,4,0,36398,0,8,6
1777362718.2912948,2d966bebd813d4fc453e7505ba297640,RUNNING,327424,2,4,4,0,36398,0,8,6
1777362720.3014977,2d966bebd813d4fc453e7505ba297640,RUNNING,329430,2,4,4,1,36398,0,9,7
1777362722.3086514,2d966bebd813d4fc453e7505ba297640,RUNNING,331437,2,4,4,1,36398,0,9,7
1777362724.3154643,2d966bebd813d4fc453e7505ba297640,RUNNING,333444,2,5,4,0,4764,0,9,7
1777362726.3229394,2d966bebd813d4fc453e7505ba297640,RUNNING,335452,2,5,4,0,4764,0,9,7
1777362728.3288503,2d966bebd813d4fc453e7505ba297640,RUNNING,337458,2,5,4,1,4764,0,10,8
1777362730.3359272,2d966bebd813d4fc453e7505ba297640,RUNNING,339465,2,5,4,1,4764,0,10,8
1777362732.3435133,2d966bebd813d4fc453e7505ba297640,RUNNING,341472,2,5,4,1,4764,0,10,8
1777362734.3493054,2d966bebd813d4fc453e7505ba297640,RUNNING,343478,2,5,4,1,4764,0,10,8
1777362736.3545935,2d966bebd813d4fc453e7505ba297640,RUNNING,345483,2,6,4,0,7993,0,10,8
1777362738.3619504,2d966bebd813d4fc453e7505ba297640,RUNNING,347491,2,6,4,0,7993,0,10,8
1777362740.3693826,2d966bebd813d4fc453e7505ba297640,RUNNING,349499,2,6,4,1,7993,0,11,9
1777362742.377834,2d966bebd813d4fc453e7505ba297640,RUNNING,351506,2,6,4,1,7993,0,11,9
1777362744.383375,2d966bebd813d4fc453e7505ba297640,RUNNING,353513,2,6,4,1,7993,0,11,9
1777362746.390797,2d966bebd813d4fc453e7505ba297640,RUNNING,355519,2,6,4,1,7993,0,11,9
1777362748.3963115,2d966bebd813d4fc453e7505ba297640,RUNNING,357525,2,6,4,1,7993,0,11,9
1777362750.4030738,2d966bebd813d4fc453e7505ba297640,RUNNING,359531,2,6,4,1,7993,0,11,9
1777362752.4078295,2d966bebd813d4fc453e7505ba297640,RUNNING,361537,2,6,4,1,7993,0,11,9
1777362754.4151812,2d966bebd813d4fc453e7505ba297640,RUNNING,363544,2,6,4,1,7993,0,11,9
1777362756.4219632,2d966bebd813d4fc453e7505ba297640,RUNNING,365551,2,6,4,1,7993,0,11,9
1777362758.427831,2d966bebd813d4fc453e7505ba297640,RUNNING,367556,2,6,4,1,7993,0,11,9
1777362760.4325507,2d966bebd813d4fc453e7505ba297640,RUNNING,369561,2,6,4,1,7993,0,11,9
1777362762.4392772,2d966bebd813d4fc453e7505ba297640,RUNNING,371568,2,6,4,1,7993,0,11,9
1777362764.4464648,2d966bebd813d4fc453e7505ba297640,RUNNING,373575,2,6,4,1,7993,0,11,9
1777362766.453222,2d966bebd813d4fc453e7505ba297640,RUNNING,375582,2,6,4,1,7993,0,11,9
1777362768.4603066,2d966bebd813d4fc453e7505ba297640,RUNNING,377589,2,7,4,0,31883,0,11,9
1777362770.46734,2d966bebd813d4fc453e7505ba297640,RUNNING,379596,2,7,4,0,31883,0,11,9
1777362772.4745958,2d966bebd813d4fc453e7505ba297640,RUNNING,381604,2,7,4,1,31883,0,12,10
1777362774.4826026,2d966bebd813d4fc453e7505ba297640,RUNNING,383611,2,7,4,1,31883,0,12,10
1777362776.4893885,2d966bebd813d4fc453e7505ba297640,RUNNING,385618,2,7,4,1,31883,0,12,10
1777362778.4954376,2d966bebd813d4fc453e7505ba297640,RUNNING,387624,2,7,4,1,31883,0,12,10
1777362780.5020268,2d966bebd813d4fc453e7505ba297640,RUNNING,389631,2,7,4,1,31883,0,12,10
1777362782.507842,2d966bebd813d4fc453e7505ba297640,RUNNING,391636,2,7,4,1,31883,0,12,10
1777362784.5136538,2d966bebd813d4fc453e7505ba297640,RUNNING,393643,2,7,4,1,31883,0,12,10
1777362786.5205753,2d966bebd813d4fc453e7505ba297640,RUNNING,395649,2,7,4,1,31883,0,12,10
1777362788.5270267,2d966bebd813d4fc453e7505ba297640,RUNNING,397656,2,7,4,1,31883,0,12,10
1777362790.5343685,2d966bebd813d4fc453e7505ba297640,RUNNING,399663,2,7,4,1,31883,0,12,10
1777362792.5396724,2d966bebd813d4fc453e7505ba297640,RUNNING,401668,2,7,4,1,31883,0,12,10
1777362794.5452654,2d966bebd813d4fc453e7505ba297640,RUNNING,403674,2,7,4,1,31883,0,12,10
1777362796.5508132,2d966bebd813d4fc453e7505ba297640,RUNNING,405680,2,7,4,1,31883,0,12,10
1777362798.5578759,2d966bebd813d4fc453e7505ba297640,RUNNING,407686,2,7,4,1,31883,0,12,10
1777362800.564231,2d966bebd813d4fc453e7505ba297640,RUNNING,409693,2,7,4,1,31883,0,12,10
1777362802.5698717,2d966bebd813d4fc453e7505ba297640,RUNNING,411698,2,7,4,1,31883,0,12,10
1777362804.5759647,2d966bebd813d4fc453e7505ba297640,RUNNING,413705,2,7,4,1,31883,0,12,10
1777362806.5833085,2d966bebd813d4fc453e7505ba297640,RUNNING,415712,2,7,4,1,31883,0,12,10
1777362808.588646,2d966bebd813d4fc453e7505ba297640,RUNNING,417717,2,7,4,1,31883,0,12,10
1777362810.5941446,2d966bebd813d4fc453e7505ba297640,RUNNING,419723,2,7,4,1,31883,0,12,10
1777362812.6005423,2d966bebd813d4fc453e7505ba297640,RUNNING,421730,2,7,4,1,31883,0,12,10
1777362814.606539,2d966bebd813d4fc453e7505ba297640,RUNNING,423735,2,7,4,1,31883,0,12,10
1777362816.612337,2d966bebd813d4fc453e7505ba297640,RUNNING,425741,2,7,4,1,31883,0,12,10
1777362818.6195536,2d966bebd813d4fc453e7505ba297640,RUNNING,427748,2,7,4,1,31883,0,12,10
1777362820.6250155,2d966bebd813d4fc453e7505ba297640,RUNNING,429754,2,7,4,1,31883,0,12,10
1777362822.631623,2d966bebd813d4fc453e7505ba297640,RUNNING,431760,2,7,4,1,31883,0,12,10
1777362824.6378253,2d966bebd813d4fc453e7505ba297640,RUNNING,433767,2,7,4,1,31883,0,12,10
1777362826.6445706,2d966bebd813d4fc453e7505ba297640,RUNNING,435773,2,7,4,1,31883,0,12,10
1777362828.650907,2d966bebd813d4fc453e7505ba297640,RUNNING,437780,2,7,4,1,31883,0,12,10
1777362830.6578267,2d966bebd813d4fc453e7505ba297640,RUNNING,439786,2,7,4,1,31883,0,12,10
1777362832.6641765,2d966bebd813d4fc453e7505ba297640,RESTARTING,441793,2,7,6,0,31883,0,13,10
1777362834.670792,2d966bebd813d4fc453e7505ba297640,RESTARTING,443800,2,7,6,0,31883,0,13,10
1777362836.6767623,2d966bebd813d4fc453e7505ba297640,RESTARTING,445806,2,7,6,0,31883,0,13,10
1777362838.6839497,2d966bebd813d4fc453e7505ba297640,RESTARTING,447812,2,7,6,0,31883,0,13,10
1777362840.6902778,2d966bebd813d4fc453e7505ba297640,RESTARTING,449819,2,7,6,0,31883,0,13,10
1777362842.696859,2d966bebd813d4fc453e7505ba297640,RESTARTING,451825,2,7,6,0,31883,0,13,10
1777362844.7037401,2d966bebd813d4fc453e7505ba297640,RESTARTING,453833,2,7,6,0,31883,0,13,10
1777362846.710724,2d966bebd813d4fc453e7505ba297640,RESTARTING,455839,2,7,6,0,31883,0,13,10
1777362848.7171538,2d966bebd813d4fc453e7505ba297640,RESTARTING,457846,2,7,6,0,31883,0,13,10
1777362850.7222245,2d966bebd813d4fc453e7505ba297640,RESTARTING,459851,2,7,6,0,31883,0,13,10
1777362852.728412,2d966bebd813d4fc453e7505ba297640,RESTARTING,461857,2,7,6,0,31883,0,13,10
1777362854.7344143,2d966bebd813d4fc453e7505ba297640,RESTARTING,463863,2,7,6,0,31883,0,13,10
1777362856.7417314,2d966bebd813d4fc453e7505ba297640,RESTARTING,465871,2,7,6,0,31883,0,13,10
1777362858.746717,2d966bebd813d4fc453e7505ba297640,RESTARTING,467875,2,7,6,0,31883,0,13,10
1777362860.752976,2d966bebd813d4fc453e7505ba297640,RESTARTING,469882,2,7,6,0,31883,0,13,10
1777362862.7595165,2d966bebd813d4fc453e7505ba297640,RESTARTING,471888,2,7,6,0,31883,0,13,10
1777362864.7662938,2d966bebd813d4fc453e7505ba297640,RESTARTING,473895,2,7,6,0,31883,0,13,10
1777362866.77316,2d966bebd813d4fc453e7505ba297640,RESTARTING,475902,2,7,6,0,31883,0,13,10
1777362868.7780693,2d966bebd813d4fc453e7505ba297640,RESTARTING,477907,2,7,6,0,31883,0,13,10
1777362870.784955,2d966bebd813d4fc453e7505ba297640,RESTARTING,479913,2,7,6,0,31883,0,13,10
1777362872.7911782,2d966bebd813d4fc453e7505ba297640,RESTARTING,481920,2,7,6,0,31883,0,13,10
1777362874.7977927,2d966bebd813d4fc453e7505ba297640,RESTARTING,483926,2,7,6,0,31883,0,13,10
1777362876.8040764,2d966bebd813d4fc453e7505ba297640,RESTARTING,485933,2,7,6,0,31883,0,13,10
1777362878.8110027,2d966bebd813d4fc453e7505ba297640,RESTARTING,487939,2,7,6,0,31883,0,13,10
1777362880.8175383,2d966bebd813d4fc453e7505ba297640,RESTARTING,489946,2,7,6,0,31883,0,13,10
1777362882.8240159,2d966bebd813d4fc453e7505ba297640,RESTARTING,491952,2,7,6,0,31883,0,13,10
1777362884.8308086,2d966bebd813d4fc453e7505ba297640,RESTARTING,493959,2,7,6,0,31883,0,13,10
1777362886.8375847,2d966bebd813d4fc453e7505ba297640,RESTARTING,495966,2,7,6,0,31883,0,13,10
1777362888.844272,2d966bebd813d4fc453e7505ba297640,RUNNING,497973,3,7,6,0,31883,0,13,10
1777362890.8511426,2d966bebd813d4fc453e7505ba297640,RUNNING,499980,3,7,6,0,31883,0,13,10
1777362892.8558679,2d966bebd813d4fc453e7505ba297640,RUNNING,501984,3,7,6,0,31883,0,13,10
1777362894.8629732,2d966bebd813d4fc453e7505ba297640,RUNNING,503991,3,7,6,0,31883,0,13,10
1777362896.8691628,2d966bebd813d4fc453e7505ba297640,RUNNING,505998,3,7,6,0,31883,0,13,10
1777362898.8754961,2d966bebd813d4fc453e7505ba297640,RUNNING,508004,3,7,6,0,31883,0,13,10
1777362900.8817277,2d966bebd813d4fc453e7505ba297640,RUNNING,510011,3,7,6,1,31883,0,14,10
1777362902.8878329,2d966bebd813d4fc453e7505ba297640,RUNNING,512016,3,7,6,1,31883,0,14,10
1777362904.8942292,2d966bebd813d4fc453e7505ba297640,RUNNING,514023,3,7,6,1,31883,0,14,10
1777362906.9002578,2d966bebd813d4fc453e7505ba297640,RUNNING,516029,3,7,6,1,31883,0,14,10
1777362908.9068751,2d966bebd813d4fc453e7505ba297640,RUNNING,518036,3,7,6,1,31883,0,14,10
1777362910.9134703,2d966bebd813d4fc453e7505ba297640,RUNNING,520042,3,7,6,1,31883,0,14,10
1777362912.9202726,2d966bebd813d4fc453e7505ba297640,RUNNING,522049,3,7,6,1,31883,0,14,10
1777362914.9275715,2d966bebd813d4fc453e7505ba297640,RUNNING,524056,3,7,6,1,31883,0,14,10
1777362916.9334078,2d966bebd813d4fc453e7505ba297640,RUNNING,526062,3,7,6,1,31883,0,14,10
1777362918.9388418,2d966bebd813d4fc453e7505ba297640,RUNNING,528067,3,7,6,1,31883,0,14,10
1777362920.9447892,2d966bebd813d4fc453e7505ba297640,RUNNING,530073,3,8,6,0,22422,0,14,10
1777362922.9497228,2d966bebd813d4fc453e7505ba297640,RUNNING,532078,3,8,6,0,22422,0,14,10
1777362924.9563434,2d966bebd813d4fc453e7505ba297640,RUNNING,534085,3,8,6,1,22422,0,15,10
1777362926.9633753,2d966bebd813d4fc453e7505ba297640,RUNNING,536092,3,8,6,1,22422,0,15,10
1777362928.969906,2d966bebd813d4fc453e7505ba297640,RUNNING,538099,3,9,6,0,5025,0,15,10
1777362930.9755135,2d966bebd813d4fc453e7505ba297640,RUNNING,540104,3,9,6,0,5025,0,15,10
1777362932.981369,2d966bebd813d4fc453e7505ba297640,RUNNING,542110,3,9,6,1,5025,0,16,10
1777362934.9878278,2d966bebd813d4fc453e7505ba297640,RUNNING,544116,3,9,6,1,5025,0,16,10
1777362936.9940732,2d966bebd813d4fc453e7505ba297640,RUNNING,546122,3,9,6,1,5025,0,16,10
1777362939.0004694,2d966bebd813d4fc453e7505ba297640,RUNNING,548129,3,9,6,1,5025,0,16,10
1777362941.0064619,2d966bebd813d4fc453e7505ba297640,RUNNING,550135,3,9,6,1,5025,0,16,10
1777362943.0131667,2d966bebd813d4fc453e7505ba297640,RUNNING,552141,3,9,6,1,5025,0,16,10
1777362945.0188735,2d966bebd813d4fc453e7505ba297640,RUNNING,554148,3,10,6,0,12849,0,16,10
1777362947.026197,2d966bebd813d4fc453e7505ba297640,RUNNING,556155,3,10,6,0,12849,0,16,10
1777362949.0324416,2d966bebd813d4fc453e7505ba297640,RUNNING,558161,3,10,6,1,12849,0,17,10
1777362951.0389767,2d966bebd813d4fc453e7505ba297640,RUNNING,560167,3,10,6,1,12849,0,17,10
1777362953.045168,2d966bebd813d4fc453e7505ba297640,RUNNING,562174,3,10,6,1,12849,0,17,10
1777362955.052768,2d966bebd813d4fc453e7505ba297640,RUNNING,564181,3,10,6,1,12849,0,17,10
1777362957.059152,2d966bebd813d4fc453e7505ba297640,RUNNING,566188,3,11,6,1,7010,0,18,10
1777362959.0642703,2d966bebd813d4fc453e7505ba297640,RUNNING,568193,3,11,6,1,7010,0,18,10
1777362961.0709639,2d966bebd813d4fc453e7505ba297640,RUNNING,570200,3,11,6,1,7010,0,18,10
1777362963.0779421,2d966bebd813d4fc453e7505ba297640,RUNNING,572206,3,11,6,1,7010,0,18,10
1777362965.0831764,2d966bebd813d4fc453e7505ba297640,RUNNING,574212,3,11,6,1,7010,0,18,10
1777362967.0895662,2d966bebd813d4fc453e7505ba297640,RUNNING,576218,3,11,6,1,7010,0,18,10
1777362969.095766,2d966bebd813d4fc453e7505ba297640,RUNNING,578224,3,11,6,1,7010,0,18,10
1777362971.102501,2d966bebd813d4fc453e7505ba297640,RUNNING,580231,3,11,6,1,7010,0,18,10
1777362973.1078243,2d966bebd813d4fc453e7505ba297640,RUNNING,582237,3,11,6,1,7010,0,18,10
1777362975.1151178,2d966bebd813d4fc453e7505ba297640,RUNNING,584244,3,11,6,1,7010,0,18,10
1777362977.121583,2d966bebd813d4fc453e7505ba297640,RUNNING,586251,3,11,6,1,7010,0,18,10
1777362979.1278257,2d966bebd813d4fc453e7505ba297640,RUNNING,588256,3,11,6,1,7010,0,18,10
1777362981.1341975,2d966bebd813d4fc453e7505ba297640,RUNNING,590263,3,11,6,1,7010,0,18,10
1777362983.1410928,2d966bebd813d4fc453e7505ba297640,RUNNING,592269,3,11,6,1,7010,0,18,10
1777362985.1478055,2d966bebd813d4fc453e7505ba297640,RUNNING,594277,3,11,6,1,7010,0,18,10
1777362987.1547556,2d966bebd813d4fc453e7505ba297640,RUNNING,596283,3,11,6,1,7010,0,18,10
1777362989.1601808,2d966bebd813d4fc453e7505ba297640,RUNNING,598289,3,11,6,1,7010,0,18,10
1777362991.1649094,2d966bebd813d4fc453e7505ba297640,RUNNING,600293,3,11,6,1,7010,0,18,10
1777362993.171194,2d966bebd813d4fc453e7505ba297640,RUNNING,602300,3,11,6,1,7010,0,18,10
1777362995.1771917,2d966bebd813d4fc453e7505ba297640,RUNNING,604306,3,11,6,1,7010,0,18,10
1777362997.1840615,2d966bebd813d4fc453e7505ba297640,RUNNING,606313,3,11,6,1,7010,0,18,10
1777362999.1912758,2d966bebd813d4fc453e7505ba297640,RUNNING,608320,3,11,6,1,7010,0,18,10
1777363001.1976523,2d966bebd813d4fc453e7505ba297640,RUNNING,610326,3,11,6,1,7010,0,18,10
1777363003.2040238,2d966bebd813d4fc453e7505ba297640,RUNNING,612332,3,11,6,1,7010,0,18,10
1777363005.2088091,2d966bebd813d4fc453e7505ba297640,RUNNING,614337,3,11,6,1,7010,0,18,10
1777363007.2145047,2d966bebd813d4fc453e7505ba297640,RUNNING,616343,3,11,6,1,7010,0,18,10
1777363009.220489,2d966bebd813d4fc453e7505ba297640,RUNNING,618349,3,11,6,1,7010,0,18,10
1777363011.2259538,2d966bebd813d4fc453e7505ba297640,RUNNING,620354,3,11,6,1,7010,0,18,10
1777363013.2319484,2d966bebd813d4fc453e7505ba297640,RUNNING,622361,3,11,6,1,7010,0,18,10
1777363015.238904,2d966bebd813d4fc453e7505ba297640,RUNNING,624367,3,11,6,1,7010,0,18,10
1777363017.2449615,2d966bebd813d4fc453e7505ba297640,RESTARTING,626374,3,11,8,0,7010,0,19,10
1777363019.2504454,2d966bebd813d4fc453e7505ba297640,RESTARTING,628379,3,11,8,0,7010,0,19,10
1777363021.2566626,2d966bebd813d4fc453e7505ba297640,RESTARTING,630386,3,11,8,0,7010,0,19,10
1777363023.262562,2d966bebd813d4fc453e7505ba297640,RESTARTING,632391,3,11,8,0,7010,0,19,10
1777363025.2678287,2d966bebd813d4fc453e7505ba297640,RESTARTING,634396,3,11,8,0,7010,0,19,10
1777363027.274661,2d966bebd813d4fc453e7505ba297640,RESTARTING,636403,3,11,8,0,7010,0,19,10
1777363029.2796803,2d966bebd813d4fc453e7505ba297640,RESTARTING,638409,3,11,8,0,7010,0,19,10
1777363031.2867284,2d966bebd813d4fc453e7505ba297640,RESTARTING,640415,3,11,8,0,7010,0,19,10
1777363033.2931123,2d966bebd813d4fc453e7505ba297640,RESTARTING,642422,3,11,8,0,7010,0,19,10
1777363035.299959,2d966bebd813d4fc453e7505ba297640,RESTARTING,644428,3,11,8,0,7010,0,19,10
1777363037.3049319,2d966bebd813d4fc453e7505ba297640,RESTARTING,646433,3,11,8,0,7010,0,19,10
1777363039.3113182,2d966bebd813d4fc453e7505ba297640,RESTARTING,648439,3,11,8,0,7010,0,19,10
1777363041.3157258,2d966bebd813d4fc453e7505ba297640,RESTARTING,650445,3,11,8,0,7010,0,19,10
1777363043.3211515,2d966bebd813d4fc453e7505ba297640,RESTARTING,652449,3,11,8,0,7010,0,19,10
1777363045.3265805,2d966bebd813d4fc453e7505ba297640,RESTARTING,654455,3,11,8,0,7010,0,19,10
1777363047.3326135,2d966bebd813d4fc453e7505ba297640,RESTARTING,656461,3,11,8,0,7010,0,19,10
1777363049.3378367,2d966bebd813d4fc453e7505ba297640,RESTARTING,658466,3,11,8,0,7010,0,19,10
1777363051.342952,2d966bebd813d4fc453e7505ba297640,RESTARTING,660471,3,11,8,0,7010,0,19,10
1777363053.3491738,2d966bebd813d4fc453e7505ba297640,RESTARTING,662478,3,11,8,0,7010,0,19,10
1777363055.3551722,2d966bebd813d4fc453e7505ba297640,RESTARTING,664483,3,11,8,0,7010,0,19,10
1777363057.3613017,2d966bebd813d4fc453e7505ba297640,RESTARTING,666490,3,11,8,0,7010,0,19,10
1777363059.3676305,2d966bebd813d4fc453e7505ba297640,RESTARTING,668496,3,11,8,0,7010,0,19,10
1777363061.3735886,2d966bebd813d4fc453e7505ba297640,RESTARTING,670502,3,11,8,0,7010,0,19,10
1777363063.3801472,2d966bebd813d4fc453e7505ba297640,RESTARTING,672508,3,11,8,0,7010,0,19,10
1777363065.3865063,2d966bebd813d4fc453e7505ba297640,RESTARTING,674515,3,11,8,0,7010,0,19,10
1777363067.3930643,2d966bebd813d4fc453e7505ba297640,RESTARTING,676521,3,11,8,0,7010,0,19,10
1777363069.397303,2d966bebd813d4fc453e7505ba297640,RESTARTING,678526,3,11,8,0,7010,0,19,10
1777363071.4028,2d966bebd813d4fc453e7505ba297640,RESTARTING,680531,3,11,8,0,7010,0,19,10
1777363073.4081278,2d966bebd813d4fc453e7505ba297640,RESTARTING,682537,3,11,8,0,7010,0,19,10
1777363075.4138188,2d966bebd813d4fc453e7505ba297640,RESTARTING,684542,3,11,8,0,7010,0,19,10
1777363077.4198759,2d966bebd813d4fc453e7505ba297640,RUNNING,686548,4,11,8,0,7010,0,19,10
1777363079.4254217,2d966bebd813d4fc453e7505ba297640,RUNNING,688554,4,11,8,0,7010,0,19,10
1777363081.4303024,2d966bebd813d4fc453e7505ba297640,RUNNING,690559,4,11,8,1,7010,0,20,10
1777363083.4358373,2d966bebd813d4fc453e7505ba297640,RUNNING,692564,4,11,8,1,7010,0,20,10
1777363085.4422553,2d966bebd813d4fc453e7505ba297640,RUNNING,694571,4,11,8,1,7010,0,20,10
1777363087.4482746,2d966bebd813d4fc453e7505ba297640,RUNNING,696576,4,11,8,1,7010,0,20,10
1777363089.4543812,2d966bebd813d4fc453e7505ba297640,RUNNING,698583,4,11,8,1,7010,0,20,10
1777363091.4606419,2d966bebd813d4fc453e7505ba297640,RUNNING,700589,4,11,8,1,7010,0,20,10
1777363093.4668746,2d966bebd813d4fc453e7505ba297640,RUNNING,702595,4,11,8,1,7010,0,20,10
1777363095.473763,2d966bebd813d4fc453e7505ba297640,RUNNING,704602,4,11,8,1,7010,0,20,10
1777363097.4800093,2d966bebd813d4fc453e7505ba297640,RUNNING,706609,4,11,8,1,7010,0,20,10
1777363099.4866526,2d966bebd813d4fc453e7505ba297640,RUNNING,708615,4,11,8,1,7010,0,20,10
1777363101.492744,2d966bebd813d4fc453e7505ba297640,RUNNING,710621,4,11,8,1,7010,0,20,10
1777363103.499415,2d966bebd813d4fc453e7505ba297640,RUNNING,712628,4,11,8,1,7010,0,20,10
1777363105.505527,2d966bebd813d4fc453e7505ba297640,RUNNING,714634,4,11,8,1,7010,0,20,10
1777363107.5121365,2d966bebd813d4fc453e7505ba297640,RUNNING,716640,4,11,8,1,7010,0,20,10
1777363109.5178237,2d966bebd813d4fc453e7505ba297640,RUNNING,718647,4,11,8,1,7010,0,20,10
1777363111.524251,2d966bebd813d4fc453e7505ba297640,RUNNING,720652,4,11,8,1,7010,0,20,10
1777363113.5292158,2d966bebd813d4fc453e7505ba297640,RUNNING,722658,4,12,8,0,31162,0,20,10
1777363115.536583,2d966bebd813d4fc453e7505ba297640,RUNNING,724665,4,12,8,0,31162,0,20,10
1777363117.5411563,2d966bebd813d4fc453e7505ba297640,RUNNING,726670,4,12,8,1,31162,0,21,10
1777363119.5470397,2d966bebd813d4fc453e7505ba297640,RUNNING,728675,4,12,8,1,31162,0,21,10
1777363121.5512257,2d966bebd813d4fc453e7505ba297640,RUNNING,730680,4,12,8,1,31162,0,21,10
1777363123.5577772,2d966bebd813d4fc453e7505ba297640,RUNNING,732686,4,12,8,1,31162,0,21,10
1777363125.5646899,2d966bebd813d4fc453e7505ba297640,RUNNING,734693,4,13,8,1,8252,0,22,10
1777363127.571167,2d966bebd813d4fc453e7505ba297640,RUNNING,736699,4,13,8,1,8252,0,22,10
1777363129.577142,2d966bebd813d4fc453e7505ba297640,RUNNING,738706,4,13,8,1,8252,0,22,10
1777363131.582463,2d966bebd813d4fc453e7505ba297640,RUNNING,740711,4,13,8,1,8252,0,22,10
1777363133.5878358,2d966bebd813d4fc453e7505ba297640,RUNNING,742717,4,13,8,1,8252,0,22,10
1777363135.5944982,2d966bebd813d4fc453e7505ba297640,RUNNING,744723,4,13,8,1,8252,0,22,10
1777363137.600384,2d966bebd813d4fc453e7505ba297640,RUNNING,746729,4,13,8,1,8252,0,22,10
1777363139.6050632,2d966bebd813d4fc453e7505ba297640,RUNNING,748733,4,13,8,1,8252,0,22,10
1777363141.6106746,2d966bebd813d4fc453e7505ba297640,RUNNING,750739,4,13,8,1,8252,0,22,10
1777363143.6157532,2d966bebd813d4fc453e7505ba297640,RUNNING,752744,4,13,8,1,8252,0,22,10
1777363145.6214142,2d966bebd813d4fc453e7505ba297640,RUNNING,754750,4,13,8,1,8252,0,22,10
1777363147.6273863,2d966bebd813d4fc453e7505ba297640,RUNNING,756755,4,13,8,1,8252,0,22,10
1777363149.6332662,2d966bebd813d4fc453e7505ba297640,RUNNING,758762,4,13,8,1,8252,0,22,10
1777363151.639595,2d966bebd813d4fc453e7505ba297640,RUNNING,760768,4,13,8,1,8252,0,22,10
1777363153.6457198,2d966bebd813d4fc453e7505ba297640,RUNNING,762774,4,13,8,1,8252,0,22,10
1777363155.6517107,2d966bebd813d4fc453e7505ba297640,RUNNING,764780,4,13,8,1,8252,0,22,10
1777363157.6571612,2d966bebd813d4fc453e7505ba297640,RUNNING,766785,4,13,8,1,8252,0,22,10
1777363159.6631994,2d966bebd813d4fc453e7505ba297640,RUNNING,768791,4,13,8,1,8252,0,22,10
1777363161.667402,2d966bebd813d4fc453e7505ba297640,RUNNING,770796,4,13,8,1,8252,0,22,10
1777363163.6735342,2d966bebd813d4fc453e7505ba297640,RUNNING,772802,4,13,8,1,8252,0,22,10
1777363165.6793237,2d966bebd813d4fc453e7505ba297640,RUNNING,774808,4,13,8,1,8252,0,22,10
1777363167.6841977,2d966bebd813d4fc453e7505ba297640,RUNNING,776812,4,13,8,1,8252,0,22,10
1777363169.6896904,2d966bebd813d4fc453e7505ba297640,RUNNING,778818,4,13,8,1,8252,0,22,10
1777363171.6959362,2d966bebd813d4fc453e7505ba297640,RUNNING,780824,4,13,8,1,8252,0,22,10
1777363173.7000663,2d966bebd813d4fc453e7505ba297640,RUNNING,782828,4,13,8,1,8252,0,22,10
1777363175.7048967,2d966bebd813d4fc453e7505ba297640,RUNNING,784833,4,13,8,1,8252,0,22,10
1777363177.7113848,2d966bebd813d4fc453e7505ba297640,RUNNING,786840,4,13,8,1,8252,0,22,10
1777363179.717751,2d966bebd813d4fc453e7505ba297640,RUNNING,788846,4,13,8,1,8252,0,22,10
1777363181.723638,2d966bebd813d4fc453e7505ba297640,RUNNING,790852,4,13,8,1,8252,0,22,10
1777363183.7292826,2d966bebd813d4fc453e7505ba297640,RUNNING,792857,4,13,8,1,8252,0,22,10
1777363185.7355084,2d966bebd813d4fc453e7505ba297640,RESTARTING,794864,4,13,10,0,8252,0,23,10
1777363187.7416253,2d966bebd813d4fc453e7505ba297640,RESTARTING,796870,4,13,10,0,8252,0,23,10
1777363189.7468705,2d966bebd813d4fc453e7505ba297640,RESTARTING,798875,4,13,10,0,8252,0,23,10
1777363191.7533097,2d966bebd813d4fc453e7505ba297640,RESTARTING,800881,4,13,10,0,8252,0,23,10
1777363193.758439,2d966bebd813d4fc453e7505ba297640,RESTARTING,802887,4,13,10,0,8252,0,23,10
1777363195.7650445,2d966bebd813d4fc453e7505ba297640,RESTARTING,804894,4,13,10,0,8252,0,23,10
1777363197.770403,2d966bebd813d4fc453e7505ba297640,RESTARTING,806899,4,13,10,0,8252,0,23,10
1777363199.776756,2d966bebd813d4fc453e7505ba297640,RESTARTING,808905,4,13,10,0,8252,0,23,10
1777363201.7826538,2d966bebd813d4fc453e7505ba297640,RESTARTING,810911,4,13,10,0,8252,0,23,10
1777363203.7888722,2d966bebd813d4fc453e7505ba297640,RESTARTING,812917,4,13,10,0,8252,0,23,10
1777363205.7941704,2d966bebd813d4fc453e7505ba297640,RESTARTING,814923,4,13,10,0,8252,0,23,10
1777363207.8004777,2d966bebd813d4fc453e7505ba297640,RESTARTING,816928,4,13,10,0,8252,0,23,10
1777363209.8062143,2d966bebd813d4fc453e7505ba297640,RUNNING,818935,5,13,10,0,8252,0,23,10
1777363211.8125846,2d966bebd813d4fc453e7505ba297640,RUNNING,820941,5,13,10,0,8252,0,23,10
1777363213.8185058,2d966bebd813d4fc453e7505ba297640,RUNNING,822947,5,13,10,0,8252,0,23,10
1777363215.8255153,2d966bebd813d4fc453e7505ba297640,RUNNING,824954,5,13,10,0,8252,0,23,10
1777363217.832028,2d966bebd813d4fc453e7505ba297640,RUNNING,826960,5,13,10,1,8252,0,24,10
1777363219.837829,2d966bebd813d4fc453e7505ba297640,RUNNING,828966,5,13,10,1,8252,0,24,10
1777363221.843607,2d966bebd813d4fc453e7505ba297640,RUNNING,830972,5,13,10,1,8252,0,24,10
1777363223.8491657,2d966bebd813d4fc453e7505ba297640,RUNNING,832977,5,13,10,1,8252,0,24,10
1777363225.854823,2d966bebd813d4fc453e7505ba297640,RUNNING,834984,5,13,10,1,8252,0,24,10
1777363227.8622468,2d966bebd813d4fc453e7505ba297640,RUNNING,836990,5,13,10,1,8252,0,24,10
1777363229.868507,2d966bebd813d4fc453e7505ba297640,RUNNING,838999,5,13,10,1,8252,0,24,10
1777363231.877828,2d966bebd813d4fc453e7505ba297640,RUNNING,841006,5,13,10,1,8252,0,24,10
1777363233.883194,2d966bebd813d4fc453e7505ba297640,CANCELLING,843012,5,13,11,0,8252,0,24,10
1777363235.8900552,2d966bebd813d4fc453e7505ba297640,CANCELLING,845018,5,13,11,0,8252,0,24,10
